/home/heating/us,HomeHeatingUs
/home/heating,HomeHeating
/home/heating/uk,HomeHeatingUk
/embodied/ice,ICE
/embodied/ice/concrete,ICE
/business/buildings/hotel/generic,HotelUk
/home/sap/chsco2emissions,SAP
/home/sap/chsenergyrequirement,SAP
/home/sap/chsfuelcosts,SAP
/home/sap/chssaprating,SAP
/home/sap/data,SAP
/home/sap/degreedays,SAP
/home/sap/dwellingdimensions,SAP
/home/sap/HeatLosses,SAP
/home/sap/ihsco2emissions,SAP
/home/sap/ihsenergyrequirement,SAP
/home/sap/IHSFuelCosts,SAP
/home/sap/ihssaprating,SAP
/home/sap/meaninternaltemperature,SAP
/home/sap/saprating,SAP
/home/sap/solargainscomponent,SAP
/home/sap/spaceheatingrequirement,SAP
/home/sap/thermalbridges,SAP
/home/sap/ventilationrate,SAP
/home/sap/waterheatingenergy,SAP
/home/sap/data/boilers/cogendata,sedbuk
/home/sap/data/boilers/decentralisedmevdata,sedbuk
/home/sap/data/boilers/fuelpricesdata,sedbuk
/home/sap/data/boilers/passivefluegasheatrecoverydevicedata,sedbuk
/home/sap/data/boilers/sap2005boilerdata,sedbuk
/home/sap/data/boilers/sap2005boilermanufacturersdata,sedbuk
/home/sap/data/boilers/sap2005centralisedmevandmvhrdata,sedbuk
/home/sap/data/boilers/sap2005cookerboilerdata,sedbuk
/home/sap/data/boilers/sap2005decentralisedmevdata,sedbuk
/home/sap/data/boilers/sap2005fuelpricesdata,sedbuk
/home/sap/data/boilers/sap2005manufacturers2data,sedbuk
/home/sap/data/boilers/sap2005mvinusefactorsdata,sedbuk
/home/sap/data/boilers/sap2005solidfuelboilerdata,sedbuk